{
  "naive_bayes": {
    "accuracy": 0.6130653266331658,
    "precision": 0.6153984206748027,
    "recall": 0.6130653266331658,
    "f1_score": 0.6107050693804517,
    "auc_roc": 0.6691414141414141
  },
  "logistic_regression": {
    "accuracy": 0.5979899497487438,
    "precision": 0.5996814539528108,
    "recall": 0.5979899497487438,
    "f1_score": 0.5966458431977517,
    "auc_roc": 0.6464141414141413
  },
  "lstm": {
    "accuracy": 0.6180904522613065,
    "precision": 0.6226703135932828,
    "recall": 0.6180904522613065,
    "f1_score": 0.6139943845889303,
    "auc_roc": 0.6730303030303031
  }
}